{"stats":{"minecraft:custom":{"minecraft:jump":41,"minecraft:time_since_rest":41150,"minecraft:leave_game":5,"minecraft:crouch_one_cm":523,"minecraft:play_one_minute":41150,"minecraft:sprint_one_cm":3663,"minecraft:time_since_death":41150,"minecraft:walk_one_cm":14298,"minecraft:sneak_time":1703,"minecraft:fly_one_cm":248547},"minecraft:used":{"minecraft:redstone_torch":8,"minecraft:oak_trapdoor":2,"minecraft:sticky_piston":5,"minecraft:birch_button":2,"minecraft:black_concrete":227,"minecraft:repeater":67,"minecraft:stone":11,"minecraft:observer":5,"minecraft:dark_oak_button":2,"minecraft:structure_block":15,"minecraft:redstone":4},"minecraft:picked_up":{"minecraft:redstone_torch":15,"minecraft:sticky_piston":1}},"DataVersion":2230}